{
    "activationEvents": [
        "onCustomEditor:ms-python.python.notebook.ipynb"        
    ],
    "contributes": {
        "customEditors": [
            {
                "viewType": "ms-python.python.notebook.ipynb",
                "displayName": "Jupyter Notebook",
                "selector": [
                    {
                        "filenamePattern": "*.ipynb"
                    }
                ],
                "priority": "default"
            }
        ]
    }
}