[
    {
        "name": "AlwaysDisplayTestExplorer - experiment",
        "salt": "AlwaysDisplayTestExplorer",
        "min": 80,
        "max": 100
    },
    {
        "name": "AlwaysDisplayTestExplorer - control",
        "salt": "AlwaysDisplayTestExplorer",
        "min": 0,
        "max": 20
    },
    {
        "name": "ShowPlayIcon - start",
        "salt": "ShowPlayIcon",
        "max": 100,
        "min": 0
    },
    {
        "name": "ShowExtensionSurveyPrompt - enabled",
        "salt": "ShowExtensionSurveyPrompt",
        "max": 100,
        "min": 80
    },
    {
        "name": "ShowExtensionSurveyPrompt - control",
        "salt": "ShowExtensionSurveyPrompt",
        "min": 0,
        "max": 20
    },
    {
        "name": "DebugAdapterFactory - control",
        "salt": "DebugAdapterFactory",
        "min": 0,
        "max": 0
    },
    {
        "name": "DebugAdapterFactory - experiment",
        "salt": "DebugAdapterFactory",
        "min": 0,
        "max": 100
    },
    {
        "name": "PtvsdWheels37 - control",
        "salt": "DebugAdapterFactory",
        "min": 0,
        "max": 0
    },
    {
        "name": "PtvsdWheels37 - experiment",
        "salt": "DebugAdapterFactory",
        "min": 0,
        "max": 100
    },
    {
        "name": "Reload - control",
        "salt": "DebugAdapterFactory",
        "min": 0,
        "max": 0
    },
    {
        "name": "Reload - experiment",
        "salt": "DebugAdapterFactory",
        "min": 0,
        "max": 0
    },
    {
        "name": "LS - enabled",
        "salt": "LS",
        "min": 0,
        "max": 4
    },
    {
        "name": "LS - control",
        "salt": "LS",
        "min": 20,
        "max": 24
    },
    {
        "name": "UseTerminalToGetActivatedEnvVars - experiment",
        "salt": "UseTerminalToGetActivatedEnvVars",
        "min": 0,
        "max": 0
    },
    {
        "name": "UseTerminalToGetActivatedEnvVars - control",
        "salt": "UseTerminalToGetActivatedEnvVars",
        "min": 0,
        "max": 100
    },
    {
        "name": "AA_testing - control",
        "salt": "AA_testing",
        "min": 0,
        "max": 10
    },
    {
        "name": "AA_testing - experiment",
        "salt": "AA_testing",
        "min": 90,
        "max": 100
    },
    {
        "name": "LocalZMQKernel - experiment",
        "salt": "LocalZMQKernel",
        "min": 0,
        "max": 25
    },
    {
        "name": "LocalZMQKernel - control",
        "salt": "LocalZMQKernel",
        "min": 25,
        "max": 100
    },
    {
        "name": "CollectLSRequestTiming - experiment",
        "salt": "CollectLSRequestTiming",
        "min": 0,
        "max": 10
    },
    {
        "name": "CollectLSRequestTiming - control",
        "salt": "CollectLSRequestTiming",
        "min": 10,
        "max": 100
    },
    {
        "name": "CollectNodeLSRequestTiming - experiment",
        "salt": "CollectNodeLSRequestTiming",
        "min": 0,
        "max": 100
    },
    {
        "name": "CollectNodeLSRequestTiming - control",
        "salt": "CollectNodeLSRequestTiming",
        "min": 0,
        "max": 0
    },
    {
        "name": "EnableIPyWidgets - experiment",
        "salt": "EnableIPyWidgets",
        "min": 0,
        "max": 100
    },
    {
        "name": "EnableIPyWidgets - control",
        "salt": "EnableIPyWidgets",
        "min": 0,
        "max": 0
    },
    {
        "name": "DeprecatePythonPath - experiment",
        "salt": "DeprecatePythonPath",
        "min": 0,
        "max": 20
    },
    {
        "name": "DeprecatePythonPath - control",
        "salt": "DeprecatePythonPath",
        "min": 80,
        "max": 100
    },
    {
        "name": "RunByLine - control",
        "salt": "RunByLine",
        "min": 0,
        "max": 100
    },
    {
        "name": "RunByLine - experiment",
        "salt": "RunByLine",
        "max": 0,
        "min": 0
    },
    {
        "name": "CustomEditorSupport - control",
        "salt": "CustomEditorSupport",
        "min": 0,
        "max": 100
    },
    {
        "name": "CustomEditorSupport - experiment",
        "salt": "CustomEditorSupport",
        "max": 0,
        "min": 0
    },
    {
        "name": "NativeNotebook - experiment",
        "salt": "CustomEditorSupport",
        "max": 0,
        "min": 0
    }
]
