{
    "python.command.python.sortImports.title": "Ordenar Importações",
    "python.command.python.startREPL.title": "Iniciar REPL",
    "python.command.python.createTerminal.title": "Criar Terminal",
    "python.command.python.buildWorkspaceSymbols.title": "Construir Símbolos da Área de Trabalho",
    "python.command.python.runtests.title": "Executar Todos os Testes Unitários",
    "python.command.python.debugtests.title": "Depurar Todos os Testes Unitários",
    "python.command.python.execInTerminal.title": "Executar Arquivo no Terminal",
    "python.command.python.setInterpreter.title": "Selecionar Interpretador",
    "python.command.python.refactorExtractVariable.title": "Extrair Variável",
    "python.command.python.refactorExtractMethod.title": "Extrair Método",
    "python.command.python.viewTestOutput.title": "Exibir Resultados dos Testes Unitários",
    "python.command.python.selectAndRunTestMethod.title": "Executar Testes Unitários do Método ...",
    "python.command.python.selectAndDebugTestMethod.title": "Depurar Testes Unitários do Método ...",
    "python.command.python.selectAndRunTestFile.title": "Executar Arquivo de Testes Unitários ...",
    "python.command.python.runCurrentTestFile.title": "Executar o Arquivo de Testes Unitários Atual",
    "python.command.python.runFailedTests.title": "Executar Testes Unitários com Falhas",
    "python.command.python.discoverTests.title": "Descobrir Testes Unitários",
    "python.command.python.execSelectionInTerminal.title": "Executar Seleção/Linha no Terminal",
    "python.command.python.execSelectionInDjangoShell.title": "Executar Seleção/Linha no Django Shell",
    "python.command.python.goToPythonObject.title": "Ir para Objeto Python",
    "python.command.python.setLinter.title": "Selecionar Linter",
    "python.command.python.enableLinting.title": "Habilitar Linting",
    "python.command.python.runLinting.title": "Executar Linting",
    "python.snippet.launch.standard.label": "Python: Arquivo Atual",
    "python.snippet.launch.module.label": "Python: Módulo",
    "python.snippet.launch.django.label": "Python: Django",
    "python.snippet.launch.flask.label": "Python: Flask",
    "python.snippet.launch.pyramid.label": "Python: Aplicação Pyramid",
    "python.snippet.launch.attach.label": "Python: Anexar"
}
