{
    "python.command.python.sortImports.title": "Sortieren der Importe",
    "python.command.python.startREPL.title": "Starten des REPL",
    "python.command.python.createTerminal.title": "Terminal erstellen",
    "python.command.python.buildWorkspaceSymbols.title": "Arbeitsplatz-Symbole erstellen",
    "python.command.python.runtests.title": "Alle Unittests ausführen",
    "python.command.python.debugtests.title": "Alle Unittests debuggen",
    "python.command.python.execInTerminal.title": "Python-Datei im Terminal ausführen",
    "python.command.python.setInterpreter.title": "Interpreter auswählen",
    "python.command.python.refactorExtractVariable.title": "Variable extrahieren",
    "python.command.python.refactorExtractMethod.title": "Methode extrahieren",
    "python.command.python.viewTestOutput.title": "Unittest-Ausgabe anzeigen",
    "python.command.python.selectAndRunTestMethod.title": "Unittest-Methode ausführen ...",
    "python.command.python.selectAndDebugTestMethod.title": "Unittest-Debug-Methode ausführen ...",
    "python.command.python.selectAndRunTestFile.title": "Unittest-Datei ausführen ...",
    "python.command.python.runCurrentTestFile.title": "Ausgewählte Unittest-Datei ausführen",
    "python.command.python.runFailedTests.title": "Fehlerhafte Unittests ausführen",
    "python.command.python.discoverTests.title": "Unittests durchsuchen",
    "python.command.python.execSelectionInTerminal.title": "Selektion/Reihe in Python-Terminal ausführen",
    "python.command.python.execSelectionInDjangoShell.title": "Selektion/Reihe in Django-Shell ausführen",
    "python.command.python.goToPythonObject.title": "Gehe zu Python-Objekt",
    "python.command.python.setLinter.title": "Linter auswählen",
    "python.command.python.enableLinting.title": "Linting aktivieren",
    "python.command.python.runLinting.title": "Linting ausführen",
    "python.snippet.launch.standard.label": "Python: Aktuelle Datei",
    "python.snippet.launch.module.label": "Python: Modul",
    "python.snippet.launch.django.label": "Python: Django",
    "python.snippet.launch.flask.label": "Python: Flask",
    "python.snippet.launch.pyramid.label": "Python: Pyramid-Anwendung",
    "python.snippet.launch.attach.label": "Python: Anfügen"
}
