{
    "$schema": "vscode://schemas/color-theme",
    "name": "Embedded Light Theme",
    "tokenColors": [
        {
            "scope": ["meta.embedded", "source.groovy.embedded"],
            "settings": {
                "foreground": "#000000ff"
            }
        },
        {
            "scope": "emphasis",
            "settings": {
                "fontStyle": "italic"
            }
        },
        {
            "scope": "strong",
            "settings": {
                "fontStyle": "bold"
            }
        },
        {
            "scope": "meta.diff.header",
            "settings": {
                "foreground": "#000080"
            }
        },
        {
            "scope": "comment",
            "settings": {
                "foreground": "#008000"
            }
        },
        {
            "scope": "constant.language",
            "settings": {
                "foreground": "#0000ff"
            }
        },
        {
            "scope": ["constant.numeric"],
            "settings": {
                "foreground": "#09885a"
            }
        },
        {
            "scope": "constant.regexp",
            "settings": {
                "foreground": "#811f3f"
            }
        },
        {
            "name": "css tags in selectors, xml tags",
            "scope": "entity.name.tag",
            "settings": {
                "foreground": "#800000"
            }
        },
        {
            "scope": "entity.name.selector",
            "settings": {
                "foreground": "#800000"
            }
        },
        {
            "scope": "entity.other.attribute-name",
            "settings": {
                "foreground": "#ff0000"
            }
        },
        {
            "scope": [
                "entity.other.attribute-name.class.css",
                "entity.other.attribute-name.class.mixin.css",
                "entity.other.attribute-name.id.css",
                "entity.other.attribute-name.parent-selector.css",
                "entity.other.attribute-name.pseudo-class.css",
                "entity.other.attribute-name.pseudo-element.css",
                "source.css.less entity.other.attribute-name.id",
                "entity.other.attribute-name.attribute.scss",
                "entity.other.attribute-name.scss"
            ],
            "settings": {
                "foreground": "#800000"
            }
        },
        {
            "scope": "invalid",
            "settings": {
                "foreground": "#cd3131"
            }
        },
        {
            "scope": "markup.underline",
            "settings": {
                "fontStyle": "underline"
            }
        },
        {
            "scope": "markup.bold",
            "settings": {
                "fontStyle": "bold",
                "foreground": "#000080"
            }
        },
        {
            "scope": "markup.heading",
            "settings": {
                "fontStyle": "bold",
                "foreground": "#800000"
            }
        },
        {
            "scope": "markup.italic",
            "settings": {
                "fontStyle": "italic"
            }
        },
        {
            "scope": "markup.inserted",
            "settings": {
                "foreground": "#09885a"
            }
        },
        {
            "scope": "markup.deleted",
            "settings": {
                "foreground": "#a31515"
            }
        },
        {
            "scope": "markup.changed",
            "settings": {
                "foreground": "#0451a5"
            }
        },
        {
            "scope": ["punctuation.definition.quote.begin.markdown", "punctuation.definition.list.begin.markdown"],
            "settings": {
                "foreground": "#0451a5"
            }
        },
        {
            "scope": "markup.inline.raw",
            "settings": {
                "foreground": "#800000"
            }
        },
        {
            "name": "brackets of XML/HTML tags",
            "scope": "punctuation.definition.tag",
            "settings": {
                "foreground": "#800000"
            }
        },
        {
            "scope": "meta.preprocessor",
            "settings": {
                "foreground": "#0000ff"
            }
        },
        {
            "scope": "meta.preprocessor.string",
            "settings": {
                "foreground": "#a31515"
            }
        },
        {
            "scope": "meta.preprocessor.numeric",
            "settings": {
                "foreground": "#09885a"
            }
        },
        {
            "scope": "meta.structure.dictionary.key.python",
            "settings": {
                "foreground": "#0451a5"
            }
        },
        {
            "scope": "storage",
            "settings": {
                "foreground": "#0000ff"
            }
        },
        {
            "scope": "storage.type",
            "settings": {
                "foreground": "#0000ff"
            }
        },
        {
            "scope": "storage.modifier",
            "settings": {
                "foreground": "#0000ff"
            }
        },
        {
            "scope": "string",
            "settings": {
                "foreground": "#a31515"
            }
        },
        {
            "scope": [
                "string.comment.buffered.block.pug",
                "string.quoted.pug",
                "string.interpolated.pug",
                "string.unquoted.plain.in.yaml",
                "string.unquoted.plain.out.yaml",
                "string.unquoted.block.yaml",
                "string.quoted.single.yaml",
                "string.quoted.double.xml",
                "string.quoted.single.xml",
                "string.unquoted.cdata.xml",
                "string.quoted.double.html",
                "string.quoted.single.html",
                "string.unquoted.html",
                "string.quoted.single.handlebars",
                "string.quoted.double.handlebars"
            ],
            "settings": {
                "foreground": "#0000ff"
            }
        },
        {
            "scope": "string.regexp",
            "settings": {
                "foreground": "#811f3f"
            }
        },
        {
            "name": "String interpolation",
            "scope": [
                "punctuation.definition.template-expression.begin",
                "punctuation.definition.template-expression.end",
                "punctuation.section.embedded"
            ],
            "settings": {
                "foreground": "#0000ff"
            }
        },
        {
            "name": "Reset JavaScript string interpolation expression",
            "scope": ["meta.template.expression"],
            "settings": {
                "foreground": "#000000"
            }
        },
        {
            "scope": [
                "support.constant.property-value",
                "support.constant.font-name",
                "support.constant.media-type",
                "support.constant.media",
                "constant.other.color.rgb-value",
                "constant.other.rgb-value",
                "support.constant.color"
            ],
            "settings": {
                "foreground": "#0451a5"
            }
        },
        {
            "scope": [
                "support.type.vendored.property-name",
                "support.type.property-name",
                "variable.css",
                "variable.scss",
                "variable.other.less",
                "source.coffee.embedded"
            ],
            "settings": {
                "foreground": "#ff0000"
            }
        },
        {
            "scope": ["support.type.property-name.json"],
            "settings": {
                "foreground": "#0451a5"
            }
        },
        {
            "scope": "keyword",
            "settings": {
                "foreground": "#0000ff"
            }
        },
        {
            "scope": "keyword.control",
            "settings": {
                "foreground": "#0000ff"
            }
        },
        {
            "scope": "keyword.operator",
            "settings": {
                "foreground": "#000000"
            }
        },
        {
            "scope": [
                "keyword.operator.new",
                "keyword.operator.expression",
                "keyword.operator.cast",
                "keyword.operator.sizeof",
                "keyword.operator.instanceof",
                "keyword.operator.logical.python"
            ],
            "settings": {
                "foreground": "#0000ff"
            }
        },
        {
            "scope": "keyword.other.unit",
            "settings": {
                "foreground": "#09885a"
            }
        },
        {
            "scope": ["punctuation.section.embedded.begin.php", "punctuation.section.embedded.end.php"],
            "settings": {
                "foreground": "#800000"
            }
        },
        {
            "scope": "support.function.git-rebase",
            "settings": {
                "foreground": "#0451a5"
            }
        },
        {
            "scope": "constant.sha.git-rebase",
            "settings": {
                "foreground": "#09885a"
            }
        },
        {
            "name": "coloring of the Java import and package identifiers",
            "scope": [
                "storage.modifier.import.java",
                "variable.language.wildcard.java",
                "storage.modifier.package.java"
            ],
            "settings": {
                "foreground": "#000000"
            }
        },
        {
            "name": "this.self",
            "scope": "variable.language",
            "settings": {
                "foreground": "#0000ff"
            }
        }
    ]
}
